<?xml version="1.0" ?>
<RunBasics>
    <HighestPDG>Highest P(D|G) Values
        <Head>Locus  P(D|G)</Head>
        <Data>
            <Row>0 -35.2616</Row>
            <Row>1 -3050.15</Row>
            <Row>2 -29.4678</Row>
            <Row>3 -58.964</Row>
            <Row>4 -91.4526</Row>
        </Data>
    </HighestPDG>
    <AcceptanceRates>
        <UpdateRates>Update Rates -- Population Splitting Times
            <Head>NielsenWakeley  RannalaYang  </Head>
            <Subhead>#Tries  #Accp  %</Subhead>
            <Data>
                <Row>_t0  1.67e4  7.14e3  42.7605  1.68e4  1.09e4  65.0551  </Row>
                <Row>_t1  1.66e4  1.21e4  72.9887  1.66e4  1.33e4  80.3497  </Row>
                <Row>_t2  1.67e4  1.21e4  72.7649  1.66e4  1.47e4  88.4992  </Row>
            </Data>
        </UpdateRates>
        <UpdateRates>Update Rates -- Genealogies
            <Head>branch       topology     tmrca        </Head>
            <Subhead>#Tries  #Accp  %</Subhead>
            <Data>
                <Row>_gtree_0  1.00e5  1.98e4  19.8452  1.00e5  2.34e3  2.33902  1.00e5  3.92e3  3.91504  </Row>
                <Row>_gtree_1  1.00e5  2.52e4  25.2183  1.00e5  3.67e3  3.67204  1.00e5  2.02e3  2.01702  </Row>
                <Row>_gtree_2  1.00e5  2.00e4  20.0042  1.00e5  5.89e3  5.89406  1.00e5  2.62e3  2.62403  </Row>
                <Row>_gtree_3  1.00e5  1.23e4  12.3451  1.00e5  2.26e3  2.25702  1.00e5  1.80e3  1.80402  </Row>
                <Row>_gtree_4  1.00e5  8.10e3  8.09808  1.00e5  1.02e3  1.02101  1.00e5  1.37e3  1.36901  </Row>
            </Data>
        </UpdateRates>
        <UpdateRates>Update Rates -- Mutation Rate Scalars
            <Head>scalar update  </Head>
            <Subhead>#Tries  #Accp  %</Subhead>
            <Data>
                <Row>_0u   3.99e4  8.09e3  20.292  </Row>
                <Row>_1u   4.02e4  9.35e2  2.32755  </Row>
                <Row>_2SW0  4.02e4  1.14e4  28.4344  </Row>
                <Row>_3SW0  4.01e4  1.27e4  31.7582  </Row>
                <Row>_3SW1  4.00e4  1.20e4  29.945  </Row>
                <Row>_4u   3.99e4  6.62e3  16.5794  </Row>
                <Row>_4SW1  3.98e4  1.07e4  26.8138  </Row>
            </Data>
        </UpdateRates>
        <UpdateRates>Update Rates -- HKY Model Kappa parameter
            <Head>kappa update  </Head>
            <Subhead>#Tries  #Accp  %</Subhead>
            <Data>
                <Row>_1_Ka  4.01e4  9.35e2  2.33045  </Row>
            </Data>
        </UpdateRates>
    </AcceptanceRates>
    <CurrentVals>
        <ValTable>Current Splitting Time Values
            <Head>Time   Value</Head>
            <Data>
                <Row>t0  1.636  </Row>
                <Row>t1  1.832  </Row>
                <Row>t2  1.911  </Row>
            </Data>
        </ValTable>
    </CurrentVals>
    <MVC>Means, Variances, and Correlations of parameters
        <Head>Parameter  q0  q1  q2  q3  q4  q5  q6  m0&gt;1  m1&gt;0  m0&gt;2  m2&gt;0  m0&gt;3  m3&gt;0  m1&gt;2  m2&gt;1  m1&gt;3  m3&gt;1  m2&gt;3  m3&gt;2  m0&gt;4  m4&gt;0  m3&gt;4  m4&gt;3  m4&gt;5  m5&gt;4  </Head>
        <Data>
            <Row>Mean  2.637  2.433  2.612  2.549  2.153  1.869  2.863  0.581  0.406  0.487  0.476  0.414  0.356  0.418  0.628  0.381  0.372  0.479  0.450  0.513  0.502  0.507  0.497  0.503  0.503  </Row>
            <Row>Stdev  0.315  0.440  0.334  0.380  0.650  0.747  0.129  0.250  0.262  0.292  0.289  0.269  0.265  0.275  0.236  0.268  0.262  0.271  0.282  0.283  0.290  0.286  0.289  0.289  0.290  </Row>
            <Row>q0-cor  -    -0.016  -0.026  -0.002  0.002  0.012  0.004  -0.052  0.068  -0.074  0.071  -0.096  0.015  -0.021  0.001  -0.035  0.000  -0.011  -0.037  0.015  -0.012  -0.002  -0.006  0.011  0.013  </Row>
            <Row>q1-cor  -0.016  -    -0.012  -0.019  -0.005  0.004  0.012  0.103  0.017  0.001  0.023  -0.033  -0.044  -0.114  -0.005  -0.111  0.122  -0.002  -0.002  0.007  0.000  -0.003  0.030  -0.020  -0.003  </Row>
            <Row>q2-cor  -0.026  -0.012  -    -0.041  -0.014  -0.012  -0.004  -0.025  0.002  0.042  -0.077  0.006  0.021  0.066  -0.046  -0.031  0.030  -0.039  0.085  0.006  -0.010  0.004  0.003  0.003  -0.012  </Row>
            <Row>q3-cor  -0.002  -0.019  -0.041  -    -0.013  0.015  -0.006  0.023  -0.044  0.023  0.071  0.078  -0.030  -0.025  -0.039  0.095  -0.071  0.044  -0.093  -0.010  0.026  -0.004  -0.012  -0.005  -0.003  </Row>
            <Row>q4-cor  0.002  -0.005  -0.014  -0.013  -    -0.006  -0.012  0.051  -0.023  -0.075  -0.042  0.034  0.035  -0.002  -0.027  -0.062  -0.049  -0.061  -0.018  -0.015  -0.052  0.048  -0.053  -0.009  0.011  </Row>
            <Row>q5-cor  0.012  0.004  -0.012  0.015  -0.006  -    0.001  -0.030  -0.016  -0.039  0.019  -0.011  0.024  0.019  0.027  -0.011  0.003  0.021  -0.017  -0.007  0.018  -0.017  0.018  0.012  -0.018  </Row>
            <Row>q6-cor  0.004  0.012  -0.004  -0.006  -0.012  0.001  -    -0.009  0.002  -0.023  -0.002  -0.018  -0.020  0.020  -0.004  -0.022  -0.005  0.008  0.021  -0.009  -0.001  -0.007  0.006  0.003  -0.005  </Row>
            <Row>m0&gt;1-cor  -0.052  0.103  -0.025  0.023  0.051  -0.030  -0.009  -    -0.003  -0.017  0.105  0.037  0.100  0.004  -0.120  0.035  -0.034  -0.006  -0.026  -0.001  0.013  0.042  -0.023  -0.003  0.006  </Row>
            <Row>m1&gt;0-cor  0.068  0.017  0.002  -0.044  -0.023  -0.016  0.002  -0.003  -    0.006  -0.028  0.031  -0.043  -0.158  -0.102  -0.093  0.156  -0.001  0.027  -0.018  -0.017  0.041  -0.017  -0.040  0.003  </Row>
            <Row>m0&gt;2-cor  -0.074  0.001  0.042  0.023  -0.075  -0.039  -0.023  -0.017  0.006  -    0.195  0.024  0.162  -0.020  -0.029  0.096  0.006  0.146  -0.020  0.011  -0.035  -0.039  -0.032  -0.035  0.021  </Row>
            <Row>m2&gt;0-cor  0.071  0.023  -0.077  0.071  -0.042  0.019  -0.002  0.105  -0.028  0.195  -    -0.081  -0.039  -0.057  -0.171  -0.084  0.025  -0.042  -0.140  -0.004  -0.074  -0.016  -0.066  -0.013  -0.001  </Row>
            <Row>m0&gt;3-cor  -0.096  -0.033  0.006  0.078  0.034  -0.011  -0.018  0.037  0.031  0.024  -0.081  -    0.232  0.023  0.044  0.102  -0.098  -0.032  0.093  -0.039  0.033  0.047  0.030  -0.027  -0.048  </Row>
            <Row>m3&gt;0-cor  0.015  -0.044  0.021  -0.030  0.035  0.024  -0.020  0.100  -0.043  0.162  -0.039  0.232  -    0.078  -0.031  0.009  -0.189  0.165  0.060  0.025  -0.051  0.007  0.012  0.008  0.021  </Row>
            <Row>m1&gt;2-cor  -0.021  -0.114  0.066  -0.025  -0.002  0.019  0.020  0.004  -0.158  -0.020  -0.057  0.023  0.078  -    0.045  -0.062  -0.005  -0.046  -0.025  0.026  0.083  -0.023  0.017  0.025  -0.032  </Row>
            <Row>m2&gt;1-cor  0.001  -0.005  -0.046  -0.039  -0.027  0.027  -0.004  -0.120  -0.102  -0.029  -0.171  0.044  -0.031  0.045  -    0.104  -0.057  -0.016  0.036  0.009  0.048  -0.022  -0.004  0.003  -0.003  </Row>
            <Row>m1&gt;3-cor  -0.035  -0.111  -0.031  0.095  -0.062  -0.011  -0.022  0.035  -0.093  0.096  -0.084  0.102  0.009  -0.062  0.104  -    -0.008  -0.020  -0.070  0.002  0.079  -0.025  -0.030  0.000  0.009  </Row>
            <Row>m3&gt;1-cor  0.000  0.122  0.030  -0.071  -0.049  0.003  -0.005  -0.034  0.156  0.006  0.025  -0.098  -0.189  -0.005  -0.057  -0.008  -    0.047  -0.076  -0.006  -0.018  -0.024  0.095  -0.019  0.003  </Row>
            <Row>m2&gt;3-cor  -0.011  -0.002  -0.039  0.044  -0.061  0.021  0.008  -0.006  -0.001  0.146  -0.042  -0.032  0.165  -0.046  -0.016  -0.020  0.047  -    0.096  0.033  0.002  -0.040  0.032  0.027  0.044  </Row>
            <Row>m3&gt;2-cor  -0.037  -0.002  0.085  -0.093  -0.018  -0.017  0.021  -0.026  0.027  -0.020  -0.140  0.093  0.060  -0.025  0.036  -0.070  -0.076  0.096  -    0.039  -0.102  0.029  -0.009  0.010  -0.007  </Row>
            <Row>m0&gt;4-cor  0.015  0.007  0.006  -0.010  -0.015  -0.007  -0.009  -0.001  -0.018  0.011  -0.004  -0.039  0.025  0.026  0.009  0.002  -0.006  0.033  0.039  -    0.022  -0.005  0.011  0.016  -0.012  </Row>
            <Row>m4&gt;0-cor  -0.012  0.000  -0.010  0.026  -0.052  0.018  -0.001  0.013  -0.017  -0.035  -0.074  0.033  -0.051  0.083  0.048  0.079  -0.018  0.002  -0.102  0.022  -    0.035  -0.025  -0.007  0.009  </Row>
            <Row>m3&gt;4-cor  -0.002  -0.003  0.004  -0.004  0.048  -0.017  -0.007  0.042  0.041  -0.039  -0.016  0.047  0.007  -0.023  -0.022  -0.025  -0.024  -0.040  0.029  -0.005  0.035  -    -0.003  -0.001  -0.007  </Row>
            <Row>m4&gt;3-cor  -0.006  0.030  0.003  -0.012  -0.053  0.018  0.006  -0.023  -0.017  -0.032  -0.066  0.030  0.012  0.017  -0.004  -0.030  0.095  0.032  -0.009  0.011  -0.025  -0.003  -    0.006  0.003  </Row>
            <Row>m4&gt;5-cor  0.011  -0.020  0.003  -0.005  -0.009  0.012  0.003  -0.003  -0.040  -0.035  -0.013  -0.027  0.008  0.025  0.003  0.000  -0.019  0.027  0.010  0.016  -0.007  -0.001  0.006  -    0.003  </Row>
            <Row>m5&gt;4-cor  0.013  -0.003  -0.012  -0.003  0.011  -0.018  -0.005  0.006  0.003  0.021  -0.001  -0.048  0.021  -0.032  -0.003  0.009  0.003  0.044  -0.007  -0.012  0.009  -0.007  0.003  0.003  -    </Row>
        </Data>
    </MVC>
</RunBasics>
