<?xml version="1.0" ?>
<RunBasics>
    <HighestPDG>Highest P(D|G) Values
        <Head>Locus  P(D|G)</Head>
        <Data>
            <Row>0 -41.7629</Row>
            <Row>1 -3346.53</Row>
            <Row>2 -42.6371</Row>
            <Row>3 -77.1982</Row>
            <Row>4 -119.269</Row>
        </Data>
    </HighestPDG>
    <AcceptanceRates>
        <UpdateRates>Update Rates -- Population Splitting Times
            <Head>NielsenWakeley  RannalaYang  </Head>
            <Subhead>#Tries  #Accp  %</Subhead>
            <Data>
                <Row>_t0  1.67e4  6.97e3  41.6881  1.66e4  1.09e4  65.6603  </Row>
                <Row>_t1  1.66e4  1.12e4  67.5942  1.70e4  1.35e4  79.4395  </Row>
                <Row>_t2  1.66e4  1.15e4  69.3048  1.66e4  1.47e4  88.7882  </Row>
            </Data>
        </UpdateRates>
        <UpdateRates>Update Rates -- Genealogies
            <Head>branch       topology     tmrca        </Head>
            <Subhead>#Tries  #Accp  %</Subhead>
            <Data>
                <Row>_gtree_0  1.00e5  1.98e4  19.7632  1.00e5  2.11e3  2.11102  1.00e5  3.98e3  3.97904  </Row>
                <Row>_gtree_1  1.00e5  2.58e4  25.7963  1.00e5  3.78e3  3.78004  1.00e5  2.50e3  2.50403  </Row>
                <Row>_gtree_2  1.00e5  1.96e4  19.5572  1.00e5  6.00e3  5.99606  1.00e5  2.48e3  2.47802  </Row>
                <Row>_gtree_3  1.00e5  1.23e4  12.3191  1.00e5  2.39e3  2.39402  1.00e5  1.74e3  1.73802  </Row>
                <Row>_gtree_4  1.00e5  8.48e3  8.47708  1.00e5  1.12e3  1.11601  1.00e5  1.55e3  1.55402  </Row>
            </Data>
        </UpdateRates>
        <UpdateRates>Update Rates -- Mutation Rate Scalars
            <Head>scalar update  </Head>
            <Subhead>#Tries  #Accp  %</Subhead>
            <Data>
                <Row>_0u   4.00e4  7.91e3  19.7785  </Row>
                <Row>_1u   4.01e4  8.69e2  2.168  </Row>
                <Row>_2SW0  3.99e4  1.14e4  28.4691  </Row>
                <Row>_3SW0  4.00e4  1.25e4  31.26  </Row>
                <Row>_3SW1  4.03e4  1.20e4  29.7799  </Row>
                <Row>_4u   3.97e4  6.59e3  16.5983  </Row>
                <Row>_4SW1  4.00e4  1.06e4  26.549  </Row>
            </Data>
        </UpdateRates>
        <UpdateRates>Update Rates -- HKY Model Kappa parameter
            <Head>kappa update  </Head>
            <Subhead>#Tries  #Accp  %</Subhead>
            <Data>
                <Row>_1_Ka  3.99e4  2.27e3  5.68786  </Row>
            </Data>
        </UpdateRates>
    </AcceptanceRates>
    <SwapRates />
    <CurrentVals>
        <ValTable>Current Splitting Time Values
            <Head>Time   Value</Head>
            <Data>
                <Row>t0  1.983  </Row>
                <Row>t1  1.983  </Row>
                <Row>t2  1.996  </Row>
            </Data>
        </ValTable>
    </CurrentVals>
    <MVC>Means, Variances, and Correlations of parameters
        <Head>Parameter  q0  q1  q2  q3  q4  q5  q6  m0&gt;1  m1&gt;0  m0&gt;2  m2&gt;0  m0&gt;3  m3&gt;0  m1&gt;2  m2&gt;1  m1&gt;3  m3&gt;1  m2&gt;3  m3&gt;2  m0&gt;4  m4&gt;0  m3&gt;4  m4&gt;3  m4&gt;5  m5&gt;4  </Head>
        <Data>
            <Row>Mean  2.648  2.370  2.604  2.577  2.090  1.951  2.866  0.589  0.371  0.393  0.482  0.363  0.312  0.536  0.486  0.341  0.350  0.428  0.340  0.480  0.494  0.516  0.515  0.485  0.505  </Row>
            <Row>Stdev  0.305  0.474  0.335  0.347  0.757  0.723  0.127  0.258  0.273  0.263  0.293  0.258  0.236  0.280  0.290  0.257  0.264  0.266  0.250  0.288  0.287  0.288  0.292  0.288  0.287  </Row>
            <Row>q0-cor  -    -0.031  -0.021  -0.005  -0.010  0.001  0.007  -0.037  0.056  -0.053  0.075  -0.053  0.014  0.038  -0.033  -0.027  -0.027  0.002  -0.003  -0.012  0.021  -0.007  -0.007  0.013  0.011  </Row>
            <Row>q1-cor  -0.031  -    -0.009  -0.011  0.024  -0.032  0.005  0.091  -0.031  -0.027  0.024  0.036  0.017  -0.069  0.049  -0.082  0.096  -0.001  0.011  0.023  0.001  -0.012  -0.031  -0.008  -0.009  </Row>
            <Row>q2-cor  -0.021  -0.009  -    -0.015  0.011  -0.018  0.017  -0.016  -0.032  0.048  -0.060  -0.016  -0.026  0.022  -0.036  0.001  -0.036  -0.085  0.042  0.015  0.017  -0.005  -0.010  -0.009  -0.001  </Row>
            <Row>q3-cor  -0.005  -0.011  -0.015  -    -0.041  0.006  -0.005  -0.031  -0.007  0.023  0.039  0.040  -0.034  0.014  -0.015  0.055  -0.021  0.063  -0.053  0.007  -0.022  -0.003  0.019  0.024  -0.025  </Row>
            <Row>q4-cor  -0.010  0.024  0.011  -0.041  -    0.041  0.036  0.056  0.057  0.101  0.009  -0.028  -0.082  -0.054  0.111  -0.065  0.079  -0.030  0.087  0.009  -0.043  0.097  0.025  -0.029  0.020  </Row>
            <Row>q5-cor  0.001  -0.032  -0.018  0.006  0.041  -    0.010  -0.000  0.066  -0.015  0.033  0.019  -0.006  0.008  0.000  -0.013  -0.026  0.002  -0.029  -0.017  0.019  -0.015  0.032  -0.000  -0.009  </Row>
            <Row>q6-cor  0.007  0.005  0.017  -0.005  0.036  0.010  -    0.004  0.009  0.005  0.001  -0.011  -0.023  0.020  -0.009  -0.003  -0.011  -0.032  0.014  -0.001  0.006  -0.000  -0.020  0.001  0.002  </Row>
            <Row>m0&gt;1-cor  -0.037  0.091  -0.016  -0.031  0.056  -0.000  0.004  -    0.219  -0.067  0.115  -0.162  -0.014  -0.044  -0.125  0.025  -0.042  -0.028  -0.024  -0.020  0.020  -0.020  -0.015  0.034  -0.004  </Row>
            <Row>m1&gt;0-cor  0.056  -0.031  -0.032  -0.007  0.057  0.066  0.009  0.219  -    0.124  0.176  -0.029  -0.073  -0.075  -0.013  0.027  -0.003  -0.019  0.049  0.028  -0.038  -0.044  0.052  0.050  0.030  </Row>
            <Row>m0&gt;2-cor  -0.053  -0.027  0.048  0.023  0.101  -0.015  0.005  -0.067  0.124  -    0.155  -0.071  0.009  -0.005  -0.014  0.042  -0.056  -0.013  -0.055  0.064  -0.060  0.007  0.082  0.013  -0.013  </Row>
            <Row>m2&gt;0-cor  0.075  0.024  -0.060  0.039  0.009  0.033  0.001  0.115  0.176  0.155  -    0.023  -0.054  0.030  -0.176  -0.065  -0.051  -0.072  -0.004  -0.031  0.022  -0.019  -0.004  0.037  -0.056  </Row>
            <Row>m0&gt;3-cor  -0.053  0.036  -0.016  0.040  -0.028  0.019  -0.011  -0.162  -0.029  -0.071  0.023  -    0.195  -0.127  0.134  -0.042  0.126  -0.061  0.125  -0.024  0.057  -0.072  -0.004  -0.003  -0.009  </Row>
            <Row>m3&gt;0-cor  0.014  0.017  -0.026  -0.034  -0.082  -0.006  -0.023  -0.014  -0.073  0.009  -0.054  0.195  -    -0.013  0.073  0.136  -0.037  0.053  -0.062  0.032  -0.014  -0.071  0.023  0.015  0.016  </Row>
            <Row>m1&gt;2-cor  0.038  -0.069  0.022  0.014  -0.054  0.008  0.020  -0.044  -0.075  -0.005  0.030  -0.127  -0.013  -    -0.003  -0.101  -0.031  -0.009  -0.101  -0.027  0.011  0.029  -0.010  -0.008  0.043  </Row>
            <Row>m2&gt;1-cor  -0.033  0.049  -0.036  -0.015  0.111  0.000  -0.009  -0.125  -0.013  -0.014  -0.176  0.134  0.073  -0.003  -    0.030  0.068  -0.059  0.040  0.034  -0.013  -0.008  -0.026  -0.005  0.052  </Row>
            <Row>m1&gt;3-cor  -0.027  -0.082  0.001  0.055  -0.065  -0.013  -0.003  0.025  0.027  0.042  -0.065  -0.042  0.136  -0.101  0.030  -    0.104  0.025  -0.080  0.026  -0.027  -0.049  0.037  0.037  -0.008  </Row>
            <Row>m3&gt;1-cor  -0.027  0.096  -0.036  -0.021  0.079  -0.026  -0.011  -0.042  -0.003  -0.056  -0.051  0.126  -0.037  -0.031  0.068  0.104  -    0.115  -0.109  -0.062  -0.004  0.001  0.032  -0.025  -0.003  </Row>
            <Row>m2&gt;3-cor  0.002  -0.001  -0.085  0.063  -0.030  0.002  -0.032  -0.028  -0.019  -0.013  -0.072  -0.061  0.053  -0.009  -0.059  0.025  0.115  -    0.091  0.027  -0.095  0.034  0.046  0.018  0.030  </Row>
            <Row>m3&gt;2-cor  -0.003  0.011  0.042  -0.053  0.087  -0.029  0.014  -0.024  0.049  -0.055  -0.004  0.125  -0.062  -0.101  0.040  -0.080  -0.109  0.091  -    0.074  -0.013  -0.037  0.010  0.009  0.020  </Row>
            <Row>m0&gt;4-cor  -0.012  0.023  0.015  0.007  0.009  -0.017  -0.001  -0.020  0.028  0.064  -0.031  -0.024  0.032  -0.027  0.034  0.026  -0.062  0.027  0.074  -    -0.040  -0.018  0.027  0.007  0.006  </Row>
            <Row>m4&gt;0-cor  0.021  0.001  0.017  -0.022  -0.043  0.019  0.006  0.020  -0.038  -0.060  0.022  0.057  -0.014  0.011  -0.013  -0.027  -0.004  -0.095  -0.013  -0.040  -    -0.048  -0.072  0.004  0.015  </Row>
            <Row>m3&gt;4-cor  -0.007  -0.012  -0.005  -0.003  0.097  -0.015  -0.000  -0.020  -0.044  0.007  -0.019  -0.072  -0.071  0.029  -0.008  -0.049  0.001  0.034  -0.037  -0.018  -0.048  -    0.044  -0.011  -0.019  </Row>
            <Row>m4&gt;3-cor  -0.007  -0.031  -0.010  0.019  0.025  0.032  -0.020  -0.015  0.052  0.082  -0.004  -0.004  0.023  -0.010  -0.026  0.037  0.032  0.046  0.010  0.027  -0.072  0.044  -    0.033  0.020  </Row>
            <Row>m4&gt;5-cor  0.013  -0.008  -0.009  0.024  -0.029  -0.000  0.001  0.034  0.050  0.013  0.037  -0.003  0.015  -0.008  -0.005  0.037  -0.025  0.018  0.009  0.007  0.004  -0.011  0.033  -    0.007  </Row>
            <Row>m5&gt;4-cor  0.011  -0.009  -0.001  -0.025  0.020  -0.009  0.002  -0.004  0.030  -0.013  -0.056  -0.009  0.016  0.043  0.052  -0.008  -0.003  0.030  0.020  0.006  0.015  -0.019  0.020  0.007  -    </Row>
        </Data>
    </MVC>
</RunBasics>
