<?xml version="1.0" ?>
<Intervals>
    <AcceptanceRates>
        <UpdateRates>Update Rates -- Population Splitting Times
            <Head>NielsenWakeley  RannalaYang  </Head>
            <Subhead>#Tries  #Accp  %</Subhead>
            <Data>
                <Row>_t0  4.80e1  6.00e  12.5  5.30e1  2.90e1  54.717  </Row>
            </Data>
        </UpdateRates>
        <UpdateRates>Update Rates -- Genealogies
            <Head>branch       topology     tmrca        </Head>
            <Subhead>#Tries  #Accp  %</Subhead>
            <Data>
                <Row>_gtree_0  1.01e2  3.50e1  34.6535  1.01e2  1.00e1  9.90099  1.01e2  3.00e  2.9703  </Row>
                <Row>_gtree_1  1.01e2  2.50e1  24.7525  1.01e2  5.00e  4.9505  1.01e2  5.00e  4.9505  </Row>
                <Row>_gtree_2  1.01e2  3.50e1  34.6535  1.01e2  1.10e1  10.8911  1.01e2  3.00e  2.9703  </Row>
                <Row>_gtree_3  1.01e2  4.30e1  42.5743  1.01e2  1.70e1  16.8317  1.01e2  5.00e  4.9505  </Row>
                <Row>_gtree_4  1.01e2  3.30e1  32.6733  1.01e2  1.00e1  9.90099  1.01e2  1.00e  0.990099  </Row>
                <Row>_gtree_5  1.01e2  4.10e1  40.5941  1.01e2  1.50e1  14.8515  1.01e2  3.00e  2.9703  </Row>
                <Row>_gtree_6  1.01e2  2.40e1  23.7624  1.01e2  1.10e1  10.8911  1.01e2  2.00e  1.9802  </Row>
                <Row>_gtree_7  1.01e2  2.50e1  24.7525  1.01e2  1.00e  0.990099  1.01e2  0.00e  0  </Row>
                <Row>_gtree_8  1.01e2  3.70e1  36.6337  1.01e2  1.60e1  15.8416  1.01e2  1.00e  0.990099  </Row>
                <Row>_gtree_9  1.01e2  2.70e1  26.7327  1.01e2  9.00e  8.91089  1.01e2  3.00e  2.9703  </Row>
                <Row>_gtree_10  1.01e2  3.40e1  33.6634  1.01e2  1.30e1  12.8713  1.01e2  0.00e  0  </Row>
                <Row>_gtree_11  1.01e2  4.30e1  42.5743  1.01e2  7.00e  6.93069  1.01e2  5.00e  4.9505  </Row>
                <Row>_gtree_12  1.01e2  2.90e1  28.7129  1.01e2  1.00e1  9.90099  1.01e2  7.00e  6.93069  </Row>
                <Row>_gtree_13  1.01e2  3.30e1  32.6733  1.01e2  1.50e1  14.8515  1.01e2  3.00e  2.9703  </Row>
                <Row>_gtree_14  1.01e2  5.10e1  50.495  1.01e2  3.40e1  33.6634  1.01e2  7.00e  6.93069  </Row>
                <Row>_gtree_15  1.01e2  4.20e1  41.5842  1.01e2  1.60e1  15.8416  1.01e2  4.00e  3.9604  </Row>
                <Row>_gtree_16  1.01e2  2.10e1  20.7921  1.01e2  5.00e  4.9505  1.01e2  0.00e  0  </Row>
                <Row>_gtree_17  1.01e2  4.00e1  39.604  1.01e2  1.70e1  16.8317  1.01e2  3.00e  2.9703  </Row>
                <Row>_gtree_18  1.01e2  3.60e1  35.6436  1.01e2  1.80e1  17.8218  1.01e2  1.00e  0.990099  </Row>
                <Row>_gtree_19  1.01e2  4.00e1  39.604  1.01e2  1.30e1  12.8713  1.01e2  4.00e  3.9604  </Row>
                <Row>_gtree_20  1.01e2  3.80e1  37.6238  1.01e2  2.10e1  20.7921  1.01e2  2.00e  1.9802  </Row>
                <Row>_gtree_21  1.01e2  3.40e1  33.6634  1.01e2  1.10e1  10.8911  1.01e2  1.00e  0.990099  </Row>
                <Row>_gtree_22  1.01e2  5.20e1  51.4851  1.01e2  2.80e1  27.7228  1.01e2  3.00e  2.9703  </Row>
                <Row>_gtree_23  1.01e2  3.30e1  32.6733  1.01e2  1.00e1  9.90099  1.01e2  1.00e  0.990099  </Row>
                <Row>_gtree_24  1.01e2  3.30e1  32.6733  1.01e2  1.60e1  15.8416  1.01e2  1.00e  0.990099  </Row>
                <Row>_gtree_25  1.01e2  3.60e1  35.6436  1.01e2  1.20e1  11.8812  1.01e2  4.00e  3.9604  </Row>
                <Row>_gtree_26  1.01e2  3.20e1  31.6832  1.01e2  9.00e  8.91089  1.01e2  0.00e  0  </Row>
                <Row>_gtree_27  1.01e2  4.00e1  39.604  1.01e2  1.40e1  13.8614  1.01e2  2.00e  1.9802  </Row>
                <Row>_gtree_28  1.01e2  4.00e1  39.604  1.01e2  2.30e1  22.7723  1.01e2  2.00e  1.9802  </Row>
                <Row>_gtree_29  1.01e2  4.30e1  42.5743  1.01e2  1.30e1  12.8713  1.01e2  3.00e  2.9703  </Row>
                <Row>_gtree_30  1.01e2  4.10e1  40.5941  1.01e2  2.40e1  23.7624  1.01e2  2.00e  1.9802  </Row>
                <Row>_gtree_31  1.01e2  4.40e1  43.5644  1.01e2  1.40e1  13.8614  1.01e2  2.00e  1.9802  </Row>
                <Row>_gtree_32  1.01e2  3.20e1  31.6832  1.01e2  1.70e1  16.8317  1.01e2  2.00e  1.9802  </Row>
                <Row>_gtree_33  1.01e2  2.40e1  23.7624  1.01e2  5.00e  4.9505  1.01e2  3.00e  2.9703  </Row>
                <Row>_gtree_34  1.01e2  3.30e1  32.6733  1.01e2  6.00e  5.94059  1.01e2  1.00e  0.990099  </Row>
                <Row>_gtree_35  1.01e2  3.70e1  36.6337  1.01e2  2.00e1  19.802  1.01e2  0.00e  0  </Row>
                <Row>_gtree_36  1.01e2  3.90e1  38.6139  1.01e2  1.10e1  10.8911  1.01e2  3.00e  2.9703  </Row>
                <Row>_gtree_37  1.01e2  2.70e1  26.7327  1.01e2  5.00e  4.9505  1.01e2  2.00e  1.9802  </Row>
                <Row>_gtree_38  1.01e2  3.40e1  33.6634  1.01e2  1.60e1  15.8416  1.01e2  2.00e  1.9802  </Row>
                <Row>_gtree_39  1.01e2  2.10e1  20.7921  1.01e2  4.00e  3.9604  1.01e2  0.00e  0  </Row>
                <Row>_gtree_40  1.01e2  2.80e1  27.7228  1.01e2  1.30e1  12.8713  1.01e2  0.00e  0  </Row>
                <Row>_gtree_41  1.01e2  3.70e1  36.6337  1.01e2  1.50e1  14.8515  1.01e2  2.00e  1.9802  </Row>
                <Row>_gtree_42  1.01e2  2.10e1  20.7921  1.01e2  1.20e1  11.8812  1.01e2  0.00e  0  </Row>
                <Row>_gtree_43  1.01e2  3.20e1  31.6832  1.01e2  8.00e  7.92079  1.01e2  2.00e  1.9802  </Row>
            </Data>
        </UpdateRates>
        <UpdateRates>Update Rates -- Mutation Rate Scalars
            <Head>scalar update  </Head>
            <Subhead>#Tries  #Accp  %</Subhead>
            <Data>
                <Row>_0u   3.70e1  2.40e1  64.8649  </Row>
                <Row>_1u   4.40e1  2.50e1  56.8182  </Row>
                <Row>_2u   4.00e1  3.10e1  77.5  </Row>
                <Row>_3u   4.20e1  2.80e1  66.6667  </Row>
                <Row>_4u   4.00e1  2.40e1  60  </Row>
                <Row>_5u   3.70e1  2.10e1  56.7568  </Row>
                <Row>_6u   4.50e1  3.20e1  71.1111  </Row>
                <Row>_7u   4.10e1  3.00e1  73.1707  </Row>
                <Row>_8u   3.70e1  2.40e1  64.8649  </Row>
                <Row>_9u   4.10e1  2.70e1  65.8537  </Row>
                <Row>_10u   4.10e1  2.40e1  58.5366  </Row>
                <Row>_11u   4.10e1  2.80e1  68.2927  </Row>
                <Row>_12u   4.90e1  3.40e1  69.3878  </Row>
                <Row>_13u   3.70e1  2.00e1  54.0541  </Row>
                <Row>_14u   3.70e1  2.40e1  64.8649  </Row>
                <Row>_15u   3.60e1  2.60e1  72.2222  </Row>
                <Row>_16u   3.80e1  2.50e1  65.7895  </Row>
                <Row>_17u   3.80e1  2.20e1  57.8947  </Row>
                <Row>_18u   3.30e1  1.90e1  57.5758  </Row>
                <Row>_19u   4.30e1  2.40e1  55.814  </Row>
                <Row>_20u   4.00e1  2.40e1  60  </Row>
                <Row>_21u   4.00e1  3.00e1  75  </Row>
                <Row>_22u   4.70e1  2.60e1  55.3191  </Row>
                <Row>_23u   4.30e1  2.80e1  65.1163  </Row>
                <Row>_24u   4.10e1  2.70e1  65.8537  </Row>
                <Row>_25u   4.60e1  3.30e1  71.7391  </Row>
                <Row>_26u   4.00e1  2.70e1  67.5  </Row>
                <Row>_27u   3.40e1  2.10e1  61.7647  </Row>
                <Row>_28u   3.80e1  2.40e1  63.1579  </Row>
                <Row>_29u   4.20e1  2.30e1  54.7619  </Row>
                <Row>_30u   3.50e1  2.20e1  62.8571  </Row>
                <Row>_31u   3.80e1  2.60e1  68.4211  </Row>
                <Row>_32u   3.70e1  1.50e1  40.5405  </Row>
                <Row>_33u   4.10e1  2.10e1  51.2195  </Row>
                <Row>_34u   4.50e1  2.60e1  57.7778  </Row>
                <Row>_35u   4.10e1  2.90e1  70.7317  </Row>
                <Row>_36u   4.00e1  1.90e1  47.5  </Row>
                <Row>_37u   4.50e1  3.00e1  66.6667  </Row>
                <Row>_38u   4.10e1  2.30e1  56.0976  </Row>
                <Row>_39u   3.50e1  2.10e1  60  </Row>
                <Row>_40u   3.50e1  1.80e1  51.4286  </Row>
                <Row>_41u   4.10e1  2.50e1  60.9756  </Row>
                <Row>_42u   4.20e1  2.90e1  69.0476  </Row>
                <Row>_43u   3.60e1  2.10e1  58.3333  </Row>
            </Data>
        </UpdateRates>
    </AcceptanceRates>
    <CurrentVals>
        <ValTable>Current Splitting Time Values
            <Head>Time   Value</Head>
            <Data>
                <Row>t0  0.206  </Row>
            </Data>
        </ValTable>
        <ValTable>Current Locus Likelihoods and Mutation Rate Scalars
            <Head>Locus#    p(D|G)     u  </Head>
            <Data>
                <Row>0       -41.2     2.738</Row>
                <Row>1       -38.6     2.216</Row>
                <Row>2       -39.4     1.304</Row>
                <Row>3       -22.2    0.5347</Row>
                <Row>4       -50.1     1.205</Row>
                <Row>5       -50.7     1.216</Row>
                <Row>6         -52     1.282</Row>
                <Row>7       -53.7     2.181</Row>
                <Row>8       -49.4    0.7008</Row>
                <Row>9       -49.4      2.27</Row>
                <Row>10       -58.2       1.2</Row>
                <Row>11       -29.2     1.514</Row>
                <Row>12       -38.5    0.9188</Row>
                <Row>13       -73.4      1.78</Row>
                <Row>14       -14.1    0.4475</Row>
                <Row>15       -53.1     1.668</Row>
                <Row>16       -28.1    0.3946</Row>
                <Row>17       -33.8    0.7679</Row>
                <Row>18       -14.9    0.1111</Row>
                <Row>19       -42.3     2.947</Row>
                <Row>20         -33       1.8</Row>
                <Row>21       -52.2    0.7367</Row>
                <Row>22       -7.51   0.06569</Row>
                <Row>23       -52.5      1.89</Row>
                <Row>24       -55.5      1.41</Row>
                <Row>25       -63.5     0.983</Row>
                <Row>26       -42.8     1.561</Row>
                <Row>27       -54.6     0.821</Row>
                <Row>28       -70.6    0.6761</Row>
                <Row>29       -68.4     1.378</Row>
                <Row>30       -60.9    0.7228</Row>
                <Row>31       -68.9    0.5395</Row>
                <Row>32        -129    0.8874</Row>
                <Row>33         -97     1.497</Row>
                <Row>34       -90.8     1.232</Row>
                <Row>35       -55.5    0.7838</Row>
                <Row>36       -72.5     1.431</Row>
                <Row>37        -108    0.8841</Row>
                <Row>38       -63.3     1.164</Row>
                <Row>39       -66.4    0.5471</Row>
                <Row>40        -128     1.284</Row>
                <Row>41       -58.7    0.9397</Row>
                <Row>42        -103    0.9336</Row>
                <Row>43       -77.4     1.332</Row>
            </Data>
        </ValTable>
    </CurrentVals>
</Intervals>
